-- phpMyAdmin SQL Dump
-- version 4.0.10deb1
-- http://www.phpmyadmin.net
--
-- Host: localhost
-- Generation Time: Jun 09, 2016 at 04:13 AM
-- Server version: 5.5.46-0ubuntu0.14.04.2
-- PHP Version: 5.5.9-1ubuntu4.14

SET SQL_MODE = "NO_AUTO_VALUE_ON_ZERO";
SET time_zone = "+00:00";


/*!40101 SET @OLD_CHARACTER_SET_CLIENT=@@CHARACTER_SET_CLIENT */;
/*!40101 SET @OLD_CHARACTER_SET_RESULTS=@@CHARACTER_SET_RESULTS */;
/*!40101 SET @OLD_COLLATION_CONNECTION=@@COLLATION_CONNECTION */;
/*!40101 SET NAMES utf8 */;

--
-- Database: `qa`
--

-- --------------------------------------------------------

--
-- Table structure for table `awnsers`
--

CREATE TABLE IF NOT EXISTS `awnsers` (
  `id` int(11) unsigned NOT NULL AUTO_INCREMENT,
  `content` text NOT NULL,
  `question_id` int(11) NOT NULL,
  `is_correct` tinyint(1) DEFAULT '0',
  `status` tinyint(1) DEFAULT '0',
  `created_at` datetime DEFAULT NULL,
  `updated_at` datetime DEFAULT NULL,
  `deleted_at` datetime DEFAULT NULL,
  PRIMARY KEY (`id`)
) ENGINE=InnoDB  DEFAULT CHARSET=utf8 AUTO_INCREMENT=445 ;

--
-- Dumping data for table `awnsers`
--

INSERT INTO `awnsers` (`id`, `content`, `question_id`, `is_correct`, `status`, `created_at`, `updated_at`, `deleted_at`) VALUES
(1, 'Weak', 1, 0, 1, '2016-06-08 23:18:52', '2016-06-08 23:18:52', NULL),
(2, 'Average', 1, 0, 1, '2016-06-08 23:18:52', '2016-06-08 23:18:52', NULL),
(3, 'Tiny', 1, 1, 1, '2016-06-08 23:18:52', '2016-06-08 23:18:52', NULL),
(4, 'Soft', 1, 0, 1, '2016-06-08 23:18:52', '2016-06-08 23:18:52', NULL),
(5, 'Finished', 2, 0, 1, '2016-06-08 23:19:26', '2016-06-08 23:19:26', NULL),
(6, 'Terminated', 2, 1, 1, '2016-06-08 23:19:26', '2016-06-08 23:19:26', NULL),
(7, 'Started', 2, 0, 1, '2016-06-08 23:19:26', '2016-06-08 23:19:26', NULL),
(8, 'Closed', 2, 0, 1, '2016-06-08 23:19:26', '2016-06-08 23:19:26', NULL),
(9, 'Truthful', 3, 0, 1, '2016-06-08 23:20:00', '2016-06-08 23:20:00', NULL),
(10, 'Natural', 3, 1, 1, '2016-06-08 23:20:00', '2016-06-08 23:20:00', NULL),
(11, 'Solid', 3, 0, 1, '2016-06-08 23:20:00', '2016-06-08 23:20:00', NULL),
(12, 'Red', 3, 0, 1, '2016-06-08 23:20:00', '2016-06-08 23:20:00', NULL),
(13, 'Influx', 4, 1, 1, '2016-06-08 23:20:34', '2016-06-08 23:20:34', NULL),
(14, 'Restoration', 4, 0, 1, '2016-06-08 23:20:34', '2016-06-08 23:20:34', NULL),
(15, 'Home-coming', 4, 0, 1, '2016-06-08 23:20:34', '2016-06-08 23:20:34', NULL),
(16, 'Return', 4, 0, 1, '2016-06-08 23:20:34', '2016-06-08 23:20:34', NULL),
(21, 'Deny', 5, 0, 1, '2016-06-08 23:21:19', '2016-06-08 23:21:19', NULL),
(22, 'Abdicate', 5, 0, 1, '2016-06-08 23:21:19', '2016-06-08 23:21:19', NULL),
(23, 'Possess', 5, 1, 1, '2016-06-08 23:21:19', '2016-06-08 23:21:19', NULL),
(24, 'Renounce', 5, 0, 1, '2016-06-08 23:21:19', '2016-06-08 23:21:19', NULL),
(25, 'Congest', 6, 0, 1, '2016-06-08 23:22:02', '2016-06-08 23:22:02', NULL),
(26, 'Condense', 6, 1, 1, '2016-06-08 23:22:02', '2016-06-08 23:22:02', NULL),
(27, 'Convert', 6, 0, 1, '2016-06-08 23:22:02', '2016-06-08 23:22:02', NULL),
(28, 'Conclude', 6, 0, 1, '2016-06-08 23:22:02', '2016-06-08 23:22:02', NULL),
(29, 'Eternal', 7, 0, 1, '2016-06-08 23:22:44', '2016-06-08 23:22:44', NULL),
(30, 'Immortal', 7, 1, 1, '2016-06-08 23:22:44', '2016-06-08 23:22:44', NULL),
(31, 'Spiritual', 7, 0, 1, '2016-06-08 23:22:44', '2016-06-08 23:22:44', NULL),
(32, 'Divine', 7, 0, 1, '2016-06-08 23:22:44', '2016-06-08 23:22:44', NULL),
(33, 'Active', 8, 1, 1, '2016-06-08 23:23:32', '2016-06-08 23:23:32', NULL),
(34, 'Weak', 8, 0, 1, '2016-06-08 23:23:32', '2016-06-08 23:23:32', NULL),
(35, 'Dormant', 8, 0, 1, '2016-06-08 23:23:32', '2016-06-08 23:23:32', NULL),
(36, 'Unconcerned', 8, 0, 1, '2016-06-08 23:23:32', '2016-06-08 23:23:32', NULL),
(37, 'Ordering', 9, 1, 1, '2016-06-08 23:27:09', '2016-06-08 23:27:09', NULL),
(38, 'Refusing', 9, 0, 1, '2016-06-08 23:27:09', '2016-06-08 23:27:09', NULL),
(39, 'Following', 9, 0, 1, '2016-06-08 23:27:09', '2016-06-08 23:27:09', NULL),
(40, 'Contradicting', 9, 0, 1, '2016-06-08 23:27:09', '2016-06-08 23:27:09', NULL),
(41, 'Forthright', 10, 0, 1, '2016-06-08 23:27:53', '2016-06-08 23:27:53', NULL),
(42, 'Candid', 10, 0, 1, '2016-06-08 23:27:53', '2016-06-08 23:27:53', NULL),
(43, 'Direct', 10, 0, 1, '2016-06-08 23:27:53', '2016-06-08 23:27:53', NULL),
(44, 'Genuine', 10, 1, 1, '2016-06-08 23:27:53', '2016-06-08 23:27:53', NULL),
(45, 'Ignorant', 11, 0, 1, '2016-06-08 23:28:31', '2016-06-08 23:28:31', NULL),
(46, 'Innocent', 11, 1, 1, '2016-06-08 23:28:31', '2016-06-08 23:28:31', NULL),
(47, 'Vapid', 11, 0, 1, '2016-06-08 23:28:31', '2016-06-08 23:28:31', NULL),
(48, 'Frivolous', 11, 0, 1, '2016-06-08 23:28:31', '2016-06-08 23:28:31', NULL),
(49, 'Endless', 12, 0, 1, '2016-06-08 23:29:18', '2016-06-08 23:29:18', NULL),
(50, 'Amused', 12, 0, 1, '2016-06-08 23:29:18', '2016-06-08 23:29:18', NULL),
(51, 'Astonished', 12, 0, 1, '2016-06-08 23:29:18', '2016-06-08 23:29:18', NULL),
(52, 'Relaxed', 12, 1, 1, '2016-06-08 23:29:18', '2016-06-08 23:29:18', NULL),
(53, 'Engaged', 13, 0, 1, '2016-06-08 23:30:23', '2016-06-08 23:30:23', NULL),
(54, 'Relaxed', 13, 1, 1, '2016-06-08 23:30:23', '2016-06-08 23:30:23', NULL),
(55, 'Occupied', 13, 0, 1, '2016-06-08 23:30:23', '2016-06-08 23:30:23', NULL),
(56, 'Engrossed', 13, 0, 1, '2016-06-08 23:30:23', '2016-06-08 23:30:23', NULL),
(57, 'Sluggish', 14, 0, 1, '2016-06-08 23:31:38', '2016-06-08 23:31:38', NULL),
(58, 'Disgraceful', 14, 0, 1, '2016-06-08 23:31:38', '2016-06-08 23:31:38', NULL),
(59, 'Faulty', 14, 0, 1, '2016-06-08 23:31:38', '2016-06-08 23:31:38', NULL),
(60, 'Stale', 14, 1, 1, '2016-06-08 23:31:38', '2016-06-08 23:31:38', NULL),
(61, 'Defendable', 15, 0, 1, '2016-06-08 23:32:12', '2016-06-08 23:32:12', NULL),
(62, 'Blameless', 15, 1, 1, '2016-06-08 23:32:12', '2016-06-08 23:32:12', NULL),
(63, 'Careless', 15, 0, 1, '2016-06-08 23:32:12', '2016-06-08 23:32:12', NULL),
(64, 'Irresponsible', 15, 0, 1, '2016-06-08 23:32:12', '2016-06-08 23:32:12', NULL),
(65, 'Free', 16, 0, 1, '2016-06-08 23:32:55', '2016-06-08 23:32:55', NULL),
(66, 'Honest', 16, 1, 1, '2016-06-08 23:32:55', '2016-06-08 23:32:55', NULL),
(67, 'Frank', 16, 0, 1, '2016-06-08 23:32:55', '2016-06-08 23:32:55', NULL),
(68, 'Liberal', 16, 0, 1, '2016-06-08 23:32:55', '2016-06-08 23:32:55', NULL),
(69, 'Antisocial', 17, 1, 1, '2016-06-08 23:34:31', '2016-06-08 23:34:31', NULL),
(70, 'Horrendous', 17, 0, 1, '2016-06-08 23:34:31', '2016-06-08 23:34:31', NULL),
(71, 'Glorious', 17, 0, 1, '2016-06-08 23:34:31', '2016-06-08 23:34:31', NULL),
(72, 'Similar', 17, 0, 1, '2016-06-08 23:34:31', '2016-06-08 23:34:31', NULL),
(73, 'Sure', 18, 0, 1, '2016-06-08 23:36:47', '2016-06-08 23:36:47', NULL),
(74, 'Ignorant', 18, 1, 1, '2016-06-08 23:36:47', '2016-06-08 23:36:47', NULL),
(75, 'Uncertain', 18, 0, 1, '2016-06-08 23:36:47', '2016-06-08 23:36:47', NULL),
(76, 'Doubtful', 18, 0, 1, '2016-06-08 23:36:47', '2016-06-08 23:36:47', NULL),
(77, 'Quiet', 19, 0, 1, '2016-06-08 23:37:24', '2016-06-08 23:37:24', NULL),
(78, 'Bald', 19, 1, 1, '2016-06-08 23:37:24', '2016-06-08 23:37:24', NULL),
(79, 'Scaly', 19, 0, 1, '2016-06-08 23:37:24', '2016-06-08 23:37:24', NULL),
(80, 'Erudite', 19, 0, 1, '2016-06-08 23:37:24', '2016-06-08 23:37:24', NULL),
(81, 'Contract', 20, 0, 1, '2016-06-08 23:38:03', '2016-06-08 23:38:03', NULL),
(82, 'Stretch', 20, 0, 1, '2016-06-08 23:38:03', '2016-06-08 23:38:03', NULL),
(83, 'Expand', 20, 1, 1, '2016-06-08 23:38:03', '2016-06-08 23:38:03', NULL),
(84, 'Spoil', 20, 0, 1, '2016-06-08 23:38:03', '2016-06-08 23:38:03', NULL),
(85, 'Rare', 21, 1, 1, '2016-06-08 23:38:47', '2016-06-08 23:38:47', NULL),
(86, 'Petty', 21, 0, 1, '2016-06-08 23:38:47', '2016-06-08 23:38:47', NULL),
(87, 'Poor', 21, 0, 1, '2016-06-08 23:38:47', '2016-06-08 23:38:47', NULL),
(88, 'Small', 21, 0, 1, '2016-06-08 23:38:47', '2016-06-08 23:38:47', NULL),
(89, 'Uncomfort', 22, 0, 1, '2016-06-08 23:39:26', '2016-06-08 23:39:26', NULL),
(90, 'Miscomfort', 22, 0, 1, '2016-06-08 23:39:26', '2016-06-08 23:39:26', NULL),
(91, 'Discomfort', 22, 1, 1, '2016-06-08 23:39:26', '2016-06-08 23:39:26', NULL),
(92, 'None Of These', 22, 0, 1, '2016-06-08 23:39:26', '2016-06-08 23:39:26', NULL),
(93, 'Priceless', 23, 0, 1, '2016-06-08 23:40:10', '2016-06-08 23:40:10', NULL),
(94, 'Worthless', 23, 0, 1, '2016-06-08 23:40:10', '2016-06-08 23:40:10', NULL),
(95, 'Free', 23, 0, 1, '2016-06-08 23:40:10', '2016-06-08 23:40:10', NULL),
(96, 'Cheap', 23, 1, 1, '2016-06-08 23:40:10', '2016-06-08 23:40:10', NULL),
(97, 'Humble', 24, 1, 1, '2016-06-08 23:40:49', '2016-06-08 23:40:49', NULL),
(98, 'Egotistic', 24, 0, 1, '2016-06-08 23:40:49', '2016-06-08 23:40:49', NULL),
(99, 'Cowardly', 24, 0, 1, '2016-06-08 23:40:49', '2016-06-08 23:40:49', NULL),
(100, 'Gentlemanly', 24, 0, 1, '2016-06-08 23:40:49', '2016-06-08 23:40:49', NULL),
(101, 'Defeated', 25, 1, 1, '2016-06-08 23:41:22', '2016-06-08 23:41:22', NULL),
(102, 'Annexed', 25, 0, 1, '2016-06-08 23:41:22', '2016-06-08 23:41:22', NULL),
(103, 'Vanquished', 25, 0, 1, '2016-06-08 23:41:22', '2016-06-08 23:41:22', NULL),
(104, 'Destroyed', 25, 0, 1, '2016-06-08 23:41:22', '2016-06-08 23:41:22', NULL),
(105, 'Miserable', 26, 0, 1, '2016-06-08 23:45:37', '2016-06-08 23:45:37', NULL),
(106, 'Rough', 26, 0, 1, '2016-06-08 23:45:37', '2016-06-08 23:45:37', NULL),
(107, 'Expert', 26, 0, 1, '2016-06-08 23:45:37', '2016-06-08 23:45:37', NULL),
(108, 'Awkward', 26, 1, 1, '2016-06-08 23:45:37', '2016-06-08 23:45:37', NULL),
(109, 'Modernity', 27, 0, 1, '2016-06-08 23:46:20', '2016-06-08 23:46:20', NULL),
(110, 'Zenith', 27, 1, 1, '2016-06-08 23:46:20', '2016-06-08 23:46:20', NULL),
(111, 'Progress', 27, 0, 1, '2016-06-08 23:46:20', '2016-06-08 23:46:20', NULL),
(112, 'Liberty', 27, 0, 1, '2016-06-08 23:46:20', '2016-06-08 23:46:20', NULL),
(113, 'Irregular', 28, 0, 1, '2016-06-08 23:47:06', '2016-06-08 23:47:06', NULL),
(114, 'Irrational', 28, 0, 1, '2016-06-08 23:47:06', '2016-06-08 23:47:06', NULL),
(115, 'Insistent', 28, 0, 1, '2016-06-08 23:47:06', '2016-06-08 23:47:06', NULL),
(116, 'Irrelevant', 28, 1, 1, '2016-06-08 23:47:06', '2016-06-08 23:47:06', NULL),
(117, 'Implicit', 29, 0, 1, '2016-06-08 23:48:43', '2016-06-08 23:48:43', NULL),
(118, 'Pedantic', 29, 0, 1, '2016-06-08 23:48:43', '2016-06-08 23:48:43', NULL),
(119, 'Explicit', 29, 1, 1, '2016-06-08 23:48:43', '2016-06-08 23:48:43', NULL),
(120, 'Obnoxious', 29, 0, 1, '2016-06-08 23:48:43', '2016-06-08 23:48:43', NULL),
(121, 'Backward', 30, 0, 1, '2016-06-08 23:49:27', '2016-06-08 23:49:27', NULL),
(122, 'Illiterate', 30, 0, 1, '2016-06-08 23:49:27', '2016-06-08 23:49:27', NULL),
(123, 'Discourteous', 30, 1, 1, '2016-06-08 23:49:27', '2016-06-08 23:49:27', NULL),
(124, 'Orthodox', 30, 0, 1, '2016-06-08 23:49:27', '2016-06-08 23:49:27', NULL),
(125, 'Pride', 31, 0, 1, '2016-06-08 23:50:11', '2016-06-08 23:50:11', NULL),
(126, 'Humility', 31, 1, 1, '2016-06-08 23:50:11', '2016-06-08 23:50:11', NULL),
(127, 'Ostentatious', 31, 0, 1, '2016-06-08 23:50:11', '2016-06-08 23:50:11', NULL),
(128, 'Conceit', 31, 0, 1, '2016-06-08 23:50:11', '2016-06-08 23:50:11', NULL),
(129, 'Hardly', 32, 0, 1, '2016-06-08 23:50:53', '2016-06-08 23:50:53', NULL),
(130, 'Periodically', 32, 0, 1, '2016-06-08 23:50:53', '2016-06-08 23:50:53', NULL),
(131, 'Frequently', 32, 1, 1, '2016-06-08 23:50:53', '2016-06-08 23:50:53', NULL),
(132, 'Definately', 32, 0, 1, '2016-06-08 23:50:53', '2016-06-08 23:50:53', NULL),
(133, 'Kind', 33, 1, 1, '2016-06-08 23:51:31', '2016-06-08 23:51:31', NULL),
(134, 'Indifferent', 33, 0, 1, '2016-06-08 23:51:31', '2016-06-08 23:51:31', NULL),
(135, 'Boastful', 33, 0, 1, '2016-06-08 23:51:31', '2016-06-08 23:51:31', NULL),
(136, 'Generous', 33, 0, 1, '2016-06-08 23:51:31', '2016-06-08 23:51:31', NULL),
(137, 'Epigram', 34, 0, 1, '2016-06-08 23:52:06', '2016-06-08 23:52:06', NULL),
(138, 'Prelude', 34, 1, 1, '2016-06-08 23:52:06', '2016-06-08 23:52:06', NULL),
(139, 'Post script', 34, 0, 1, '2016-06-08 23:52:06', '2016-06-08 23:52:06', NULL),
(140, 'Dialogue', 34, 0, 1, '2016-06-08 23:52:06', '2016-06-08 23:52:06', NULL),
(141, 'Limited', 35, 1, 1, '2016-06-08 23:52:43', '2016-06-08 23:52:43', NULL),
(142, 'Foolish', 35, 0, 1, '2016-06-08 23:52:43', '2016-06-08 23:52:43', NULL),
(143, 'Caring', 35, 0, 1, '2016-06-08 23:52:43', '2016-06-08 23:52:43', NULL),
(144, 'Changeable', 35, 0, 1, '2016-06-08 23:52:43', '2016-06-08 23:52:43', NULL),
(145, 'Expand', 36, 1, 1, '2016-06-08 23:53:15', '2016-06-08 23:53:15', NULL),
(146, 'Interpret', 36, 0, 1, '2016-06-08 23:53:15', '2016-06-08 23:53:15', NULL),
(147, 'Distribute', 36, 0, 1, '2016-06-08 23:53:15', '2016-06-08 23:53:15', NULL),
(148, 'Lengthen', 36, 0, 1, '2016-06-08 23:53:15', '2016-06-08 23:53:15', NULL),
(153, 'Irreligious', 38, 0, 1, '2016-06-08 23:54:22', '2016-06-08 23:54:22', NULL),
(154, 'Irreverent', 38, 0, 1, '2016-06-08 23:54:22', '2016-06-08 23:54:22', NULL),
(155, 'Unethical', 38, 0, 1, '2016-06-08 23:54:22', '2016-06-08 23:54:22', NULL),
(156, 'Unholy', 38, 1, 1, '2016-06-08 23:54:22', '2016-06-08 23:54:22', NULL),
(157, 'Flexible', 37, 0, 1, '2016-06-08 23:54:37', '2016-06-08 23:54:37', NULL),
(158, 'Yielding', 37, 0, 1, '2016-06-08 23:54:37', '2016-06-08 23:54:37', NULL),
(159, 'Adoptable', 37, 0, 1, '2016-06-08 23:54:37', '2016-06-08 23:54:37', NULL),
(160, 'Rigid', 37, 1, 1, '2016-06-08 23:54:37', '2016-06-08 23:54:37', NULL),
(161, 'Stupid', 39, 0, 1, '2016-06-08 23:55:20', '2016-06-08 23:55:20', NULL),
(162, 'Honest', 39, 0, 1, '2016-06-08 23:55:20', '2016-06-08 23:55:20', NULL),
(163, 'Prudent', 39, 1, 1, '2016-06-08 23:55:20', '2016-06-08 23:55:20', NULL),
(164, 'Reliable', 39, 0, 1, '2016-06-08 23:55:20', '2016-06-08 23:55:20', NULL),
(165, 'Unpleasant', 40, 0, 1, '2016-06-08 23:55:54', '2016-06-08 23:55:54', NULL),
(166, 'Friendly', 40, 0, 1, '2016-06-08 23:55:54', '2016-06-08 23:55:54', NULL),
(167, 'Dangerous', 40, 0, 1, '2016-06-08 23:55:54', '2016-06-08 23:55:54', NULL),
(168, 'Strange', 40, 1, 1, '2016-06-08 23:55:54', '2016-06-08 23:55:54', NULL),
(169, 'Ethereal', 41, 1, 1, '2016-06-08 23:56:23', '2016-06-08 23:56:23', NULL),
(170, 'Actual', 41, 0, 1, '2016-06-08 23:56:23', '2016-06-08 23:56:23', NULL),
(171, 'Concrete', 41, 0, 1, '2016-06-08 23:56:23', '2016-06-08 23:56:23', NULL),
(172, 'Solid', 41, 0, 1, '2016-06-08 23:56:23', '2016-06-08 23:56:23', NULL),
(173, 'Villainy', 42, 0, 1, '2016-06-08 23:56:56', '2016-06-08 23:56:56', NULL),
(174, 'Hatred', 42, 1, 1, '2016-06-08 23:56:56', '2016-06-08 23:56:56', NULL),
(175, 'Compulsion', 42, 0, 1, '2016-06-08 23:56:56', '2016-06-08 23:56:56', NULL),
(176, 'Force', 42, 0, 1, '2016-06-08 23:56:56', '2016-06-08 23:56:56', NULL),
(177, 'Disgraced', 43, 0, 1, '2016-06-08 23:57:33', '2016-06-08 23:57:33', NULL),
(178, 'Unknown', 43, 1, 1, '2016-06-08 23:57:33', '2016-06-08 23:57:33', NULL),
(179, 'Popular', 43, 0, 1, '2016-06-08 23:57:33', '2016-06-08 23:57:33', NULL),
(180, 'Evil', 43, 0, 1, '2016-06-08 23:57:33', '2016-06-08 23:57:33', NULL),
(181, 'Generous', 44, 0, 1, '2016-06-08 23:58:24', '2016-06-08 23:58:24', NULL),
(182, 'Extravagant', 44, 1, 1, '2016-06-08 23:58:24', '2016-06-08 23:58:24', NULL),
(183, 'Copious', 44, 0, 1, '2016-06-08 23:58:24', '2016-06-08 23:58:24', NULL),
(184, 'Ostentatious', 44, 0, 1, '2016-06-08 23:58:24', '2016-06-08 23:58:24', NULL),
(185, 'Tasty', 45, 1, 1, '2016-06-08 23:58:58', '2016-06-08 23:58:58', NULL),
(186, 'Discreet', 45, 0, 1, '2016-06-08 23:58:58', '2016-06-08 23:58:58', NULL),
(187, 'Stupid', 45, 0, 1, '2016-06-08 23:58:58', '2016-06-08 23:58:58', NULL),
(188, 'Feast', 45, 0, 1, '2016-06-08 23:58:58', '2016-06-08 23:58:58', NULL),
(189, 'Disable', 46, 0, 1, '2016-06-08 23:59:41', '2016-06-08 23:59:41', NULL),
(190, 'Inable', 46, 0, 1, '2016-06-08 23:59:41', '2016-06-08 23:59:41', NULL),
(191, 'Unable', 46, 1, 1, '2016-06-08 23:59:41', '2016-06-08 23:59:41', NULL),
(192, 'Misable', 46, 0, 1, '2016-06-08 23:59:41', '2016-06-08 23:59:41', NULL),
(193, 'Courtesy', 47, 0, 1, '2016-06-09 00:00:21', '2016-06-09 00:00:21', NULL),
(194, 'Hospitality', 47, 0, 1, '2016-06-09 00:00:21', '2016-06-09 00:00:21', NULL),
(195, 'Relationship', 47, 0, 1, '2016-06-09 00:00:21', '2016-06-09 00:00:21', NULL),
(196, 'Friendliness', 47, 1, 1, '2016-06-09 00:00:21', '2016-06-09 00:00:21', NULL),
(197, 'Quiet', 48, 0, 1, '2016-06-09 00:00:56', '2016-06-09 00:00:56', NULL),
(198, 'Busy', 48, 0, 1, '2016-06-09 00:00:56', '2016-06-09 00:00:56', NULL),
(199, 'Congested', 48, 0, 1, '2016-06-09 00:00:56', '2016-06-09 00:00:56', NULL),
(200, 'Deserted', 48, 1, 1, '2016-06-09 00:00:56', '2016-06-09 00:00:56', NULL),
(201, 'Emotional', 49, 0, 1, '2016-06-09 00:01:31', '2016-06-09 00:01:31', NULL),
(202, 'Tragic', 49, 1, 1, '2016-06-09 00:01:31', '2016-06-09 00:01:31', NULL),
(203, 'Emotional', 49, 0, 1, '2016-06-09 00:01:31', '2016-06-09 00:01:31', NULL),
(204, 'Emotional', 49, 0, 1, '2016-06-09 00:01:31', '2016-06-09 00:01:31', NULL),
(209, 'Consistent', 50, 0, 1, '2016-06-09 00:02:34', '2016-06-09 00:02:34', NULL),
(210, 'Cheerful', 50, 0, 1, '2016-06-09 00:02:34', '2016-06-09 00:02:34', NULL),
(211, 'Fortunate', 50, 1, 1, '2016-06-09 00:02:34', '2016-06-09 00:02:34', NULL),
(212, 'Cheerful', 50, 0, 1, '2016-06-09 00:02:34', '2016-06-09 00:02:34', NULL),
(213, 'Firm', 51, 0, 1, '2016-06-09 00:03:13', '2016-06-09 00:03:13', NULL),
(214, 'Flippant', 51, 0, 1, '2016-06-09 00:03:13', '2016-06-09 00:03:13', NULL),
(215, 'Firm', 51, 1, 1, '2016-06-09 00:03:13', '2016-06-09 00:03:13', NULL),
(216, 'Flippant', 51, 0, 1, '2016-06-09 00:03:13', '2016-06-09 00:03:13', NULL),
(217, 'Resentment', 52, 0, 1, '2016-06-09 00:04:04', '2016-06-09 00:04:04', NULL),
(218, 'Duplicity', 52, 0, 1, '2016-06-09 00:04:04', '2016-06-09 00:04:04', NULL),
(219, 'Dubiousness', 52, 0, 1, '2016-06-09 00:04:04', '2016-06-09 00:04:04', NULL),
(220, 'Excitement', 52, 1, 1, '2016-06-09 00:04:04', '2016-06-09 00:04:04', NULL),
(221, 'Division', 53, 0, 1, '2016-06-09 00:04:50', '2016-06-09 00:04:50', NULL),
(222, 'Multiplication', 53, 0, 1, '2016-06-09 00:04:50', '2016-06-09 00:04:50', NULL),
(223, 'Subtraction', 53, 1, 1, '2016-06-09 00:04:50', '2016-06-09 00:04:50', NULL),
(224, 'Enumeration', 53, 0, 1, '2016-06-09 00:04:50', '2016-06-09 00:04:50', NULL),
(225, 'Emaciated', 54, 0, 1, '2016-06-09 06:50:45', '2016-06-09 06:50:45', NULL),
(226, 'Gaunt', 54, 0, 1, '2016-06-09 06:50:45', '2016-06-09 06:50:45', NULL),
(227, 'Lean', 54, 0, 1, '2016-06-09 06:50:45', '2016-06-09 06:50:45', NULL),
(228, 'Obese', 54, 1, 1, '2016-06-09 06:50:45', '2016-06-09 06:50:45', NULL),
(229, 'Little', 55, 0, 1, '2016-06-09 06:52:58', '2016-06-09 06:52:58', NULL),
(230, 'Limited', 55, 0, 1, '2016-06-09 06:52:58', '2016-06-09 06:52:58', NULL),
(231, 'Small', 55, 0, 1, '2016-06-09 06:52:58', '2016-06-09 06:52:58', NULL),
(232, 'Short', 55, 1, 1, '2016-06-09 06:52:58', '2016-06-09 06:52:58', NULL),
(233, 'Opening', 56, 1, 1, '2016-06-09 06:53:44', '2016-06-09 06:53:44', NULL),
(234, 'End', 56, 0, 1, '2016-06-09 06:53:44', '2016-06-09 06:53:44', NULL),
(235, 'Stodge', 56, 0, 1, '2016-06-09 06:53:44', '2016-06-09 06:53:44', NULL),
(236, 'Past tense of go', 56, 0, 1, '2016-06-09 06:53:44', '2016-06-09 06:53:44', NULL),
(237, 'Ridiculous', 57, 0, 1, '2016-06-09 06:54:18', '2016-06-09 06:54:18', NULL),
(238, 'Common', 57, 0, 1, '2016-06-09 06:54:18', '2016-06-09 06:54:18', NULL),
(239, 'Dignified', 57, 1, 1, '2016-06-09 06:54:18', '2016-06-09 06:54:18', NULL),
(240, 'Petty', 57, 0, 1, '2016-06-09 06:54:18', '2016-06-09 06:54:18', NULL),
(241, 'Obstinate', 58, 0, 1, '2016-06-09 06:55:00', '2016-06-09 06:55:00', NULL),
(242, 'Handsome', 58, 0, 1, '2016-06-09 06:55:00', '2016-06-09 06:55:00', NULL),
(243, 'Clever', 58, 1, 1, '2016-06-09 06:55:00', '2016-06-09 06:55:00', NULL),
(244, 'Stout', 58, 0, 1, '2016-06-09 06:55:00', '2016-06-09 06:55:00', NULL),
(245, 'Observant', 59, 0, 1, '2016-06-09 06:55:42', '2016-06-09 06:55:42', NULL),
(246, 'Intelligent', 59, 0, 1, '2016-06-09 06:55:42', '2016-06-09 06:55:42', NULL),
(247, 'Energetic', 59, 0, 1, '2016-06-09 06:55:42', '2016-06-09 06:55:42', NULL),
(248, 'Watchful', 59, 1, 1, '2016-06-09 06:55:42', '2016-06-09 06:55:42', NULL),
(249, 'Soldier', 60, 1, 1, '2016-06-09 06:56:28', '2016-06-09 06:56:28', NULL),
(250, 'Pirate', 60, 0, 1, '2016-06-09 06:56:28', '2016-06-09 06:56:28', NULL),
(251, 'Sailor', 60, 0, 1, '2016-06-09 06:56:28', '2016-06-09 06:56:28', NULL),
(252, 'Spy', 60, 0, 1, '2016-06-09 06:56:28', '2016-06-09 06:56:28', NULL),
(253, 'Far', 61, 1, 1, '2016-06-09 06:57:02', '2016-06-09 06:57:02', NULL),
(254, 'Reserved', 61, 0, 1, '2016-06-09 06:57:02', '2016-06-09 06:57:02', NULL),
(255, 'Removed', 61, 0, 1, '2016-06-09 06:57:02', '2016-06-09 06:57:02', NULL),
(256, 'Separate', 61, 0, 1, '2016-06-09 06:57:02', '2016-06-09 06:57:02', NULL),
(257, 'Failure', 62, 0, 1, '2016-06-09 06:58:30', '2016-06-09 06:58:30', NULL),
(258, 'Crisis', 62, 0, 1, '2016-06-09 06:58:30', '2016-06-09 06:58:30', NULL),
(259, 'Misfortune', 62, 1, 1, '2016-06-09 06:58:30', '2016-06-09 06:58:30', NULL),
(260, 'Helplessness', 62, 0, 1, '2016-06-09 06:58:30', '2016-06-09 06:58:30', NULL),
(261, 'Original', 63, 0, 1, '2016-06-09 06:59:10', '2016-06-09 06:59:10', NULL),
(262, 'Imitation', 63, 1, 1, '2016-06-09 06:59:10', '2016-06-09 06:59:10', NULL),
(263, 'Loyal', 63, 0, 1, '2016-06-09 06:59:10', '2016-06-09 06:59:10', NULL),
(264, 'Trustworthy', 63, 0, 1, '2016-06-09 06:59:10', '2016-06-09 06:59:10', NULL),
(265, 'Allege', 64, 0, 1, '2016-06-09 06:59:51', '2016-06-09 06:59:51', NULL),
(266, 'Condemn', 64, 0, 1, '2016-06-09 06:59:51', '2016-06-09 06:59:51', NULL),
(267, 'INDICT', 64, 1, 1, '2016-06-09 06:59:51', '2016-06-09 06:59:51', NULL),
(268, 'Reprimand', 64, 0, 1, '2016-06-09 06:59:51', '2016-06-09 06:59:51', NULL),
(269, 'Dry', 65, 0, 1, '2016-06-09 07:00:31', '2016-06-09 07:00:31', NULL),
(270, 'Shrill', 65, 0, 1, '2016-06-09 07:00:31', '2016-06-09 07:00:31', NULL),
(271, 'Rigorous', 65, 1, 1, '2016-06-09 07:00:31', '2016-06-09 07:00:31', NULL),
(272, 'Strained', 65, 0, 1, '2016-06-09 07:00:31', '2016-06-09 07:00:31', NULL),
(273, 'Complain', 66, 1, 1, '2016-06-09 07:01:05', '2016-06-09 07:01:05', NULL),
(274, 'Console', 66, 0, 1, '2016-06-09 07:01:05', '2016-06-09 07:01:05', NULL),
(275, 'Comment', 66, 0, 1, '2016-06-09 07:01:05', '2016-06-09 07:01:05', NULL),
(276, 'Condone', 66, 0, 1, '2016-06-09 07:01:05', '2016-06-09 07:01:05', NULL),
(277, 'Postponed', 67, 0, 1, '2016-06-09 07:02:00', '2016-06-09 07:02:00', NULL),
(278, 'Paused', 67, 1, 1, '2016-06-09 07:02:00', '2016-06-09 07:02:00', NULL),
(279, 'Slowed', 67, 0, 1, '2016-06-09 07:02:00', '2016-06-09 07:02:00', NULL),
(280, 'Stopped', 67, 0, 1, '2016-06-09 07:02:00', '2016-06-09 07:02:00', NULL),
(281, 'Safety', 68, 0, 1, '2016-06-09 07:02:43', '2016-06-09 07:02:43', NULL),
(282, 'Help', 68, 1, 1, '2016-06-09 07:02:43', '2016-06-09 07:02:43', NULL),
(283, 'Defence', 68, 0, 1, '2016-06-09 07:02:43', '2016-06-09 07:02:43', NULL),
(284, 'Command', 68, 0, 1, '2016-06-09 07:02:43', '2016-06-09 07:02:43', NULL),
(285, 'Explain', 69, 0, 1, '2016-06-09 07:03:15', '2016-06-09 07:03:15', NULL),
(286, 'Explore', 69, 0, 1, '2016-06-09 07:03:15', '2016-06-09 07:03:15', NULL),
(287, 'Try', 69, 1, 1, '2016-06-09 07:03:15', '2016-06-09 07:03:15', NULL),
(288, 'Serve', 69, 0, 1, '2016-06-09 07:03:15', '2016-06-09 07:03:15', NULL),
(289, 'Maraud', 70, 1, 1, '2016-06-09 07:03:54', '2016-06-09 07:03:54', NULL),
(290, 'Ranger', 70, 0, 1, '2016-06-09 07:03:54', '2016-06-09 07:03:54', NULL),
(291, 'Contest', 70, 0, 1, '2016-06-09 07:03:54', '2016-06-09 07:03:54', NULL),
(292, 'Intuition', 70, 0, 1, '2016-06-09 07:03:54', '2016-06-09 07:03:54', NULL),
(293, 'Bold', 71, 0, 1, '2016-06-09 07:04:28', '2016-06-09 07:04:28', NULL),
(294, 'Rash', 71, 1, 1, '2016-06-09 07:04:28', '2016-06-09 07:04:28', NULL),
(295, 'Courageous', 71, 0, 1, '2016-06-09 07:04:28', '2016-06-09 07:04:28', NULL),
(296, 'Daring', 71, 0, 1, '2016-06-09 07:04:28', '2016-06-09 07:04:28', NULL),
(297, 'Results', 72, 1, 1, '2016-06-09 07:05:04', '2016-06-09 07:05:04', NULL),
(298, 'Conclusions', 72, 0, 1, '2016-06-09 07:05:04', '2016-06-09 07:05:04', NULL),
(299, 'Applications', 72, 0, 1, '2016-06-09 07:05:04', '2016-06-09 07:05:04', NULL),
(300, 'Difficulties', 72, 0, 1, '2016-06-09 07:05:04', '2016-06-09 07:05:04', NULL),
(301, 'Promotion', 73, 0, 1, '2016-06-09 07:05:41', '2016-06-09 07:05:41', NULL),
(302, 'Betterment', 73, 1, 1, '2016-06-09 07:05:41', '2016-06-09 07:05:41', NULL),
(303, 'Preference', 73, 0, 1, '2016-06-09 07:05:41', '2016-06-09 07:05:41', NULL),
(304, 'Advancement', 73, 0, 1, '2016-06-09 07:05:41', '2016-06-09 07:05:41', NULL),
(305, 'Dreamy', 74, 0, 1, '2016-06-09 07:06:17', '2016-06-09 07:06:17', NULL),
(306, 'Unsteady', 74, 0, 1, '2016-06-09 07:06:17', '2016-06-09 07:06:17', NULL),
(307, 'Stupefied', 74, 0, 1, '2016-06-09 07:06:17', '2016-06-09 07:06:17', NULL),
(308, 'Drunken', 74, 1, 1, '2016-06-09 07:06:17', '2016-06-09 07:06:17', NULL),
(309, 'Barren', 75, 1, 1, '2016-06-09 07:07:13', '2016-06-09 07:07:13', NULL),
(310, 'Childless', 75, 0, 1, '2016-06-09 07:07:13', '2016-06-09 07:07:13', NULL),
(311, 'Arid', 75, 0, 1, '2016-06-09 07:07:13', '2016-06-09 07:07:13', NULL),
(312, 'Dry', 75, 0, 1, '2016-06-09 07:07:13', '2016-06-09 07:07:13', NULL),
(313, 'Deny', 76, 0, 1, '2016-06-09 07:08:15', '2016-06-09 07:08:15', NULL),
(314, 'Miserable', 76, 1, 1, '2016-06-09 07:08:15', '2016-06-09 07:08:15', NULL),
(315, 'Challenge', 76, 0, 1, '2016-06-09 07:08:15', '2016-06-09 07:08:15', NULL),
(316, 'Disobey', 76, 0, 1, '2016-06-09 07:08:15', '2016-06-09 07:08:15', NULL),
(317, 'Taking', 77, 0, 1, '2016-06-09 07:08:49', '2016-06-09 07:08:49', NULL),
(318, 'Toying', 77, 0, 1, '2016-06-09 07:08:49', '2016-06-09 07:08:49', NULL),
(319, 'Shifting', 77, 1, 1, '2016-06-09 07:08:49', '2016-06-09 07:08:49', NULL),
(320, 'Turning', 77, 0, 1, '2016-06-09 07:08:49', '2016-06-09 07:08:49', NULL),
(321, 'Inflexible', 78, 0, 1, '2016-06-09 07:09:29', '2016-06-09 07:09:29', NULL),
(322, 'Bitter', 78, 0, 1, '2016-06-09 07:09:29', '2016-06-09 07:09:29', NULL),
(323, 'Good-natured', 78, 0, 1, '2016-06-09 07:09:29', '2016-06-09 07:09:29', NULL),
(324, 'Disguisedly sarcastic', 78, 1, 1, '2016-06-09 07:09:29', '2016-06-09 07:09:29', NULL),
(325, 'Slow', 79, 0, 1, '2016-06-09 07:10:01', '2016-06-09 07:10:01', NULL),
(326, 'Fast', 79, 0, 1, '2016-06-09 07:10:01', '2016-06-09 07:10:01', NULL),
(327, 'Medium', 79, 0, 1, '2016-06-09 07:10:01', '2016-06-09 07:10:01', NULL),
(328, 'Shy', 79, 1, 1, '2016-06-09 07:10:01', '2016-06-09 07:10:01', NULL),
(329, 'Tie', 80, 0, 1, '2016-06-09 07:10:39', '2016-06-09 07:10:39', NULL),
(330, 'Free', 80, 1, 1, '2016-06-09 07:10:39', '2016-06-09 07:10:39', NULL),
(331, 'Complicate', 80, 0, 1, '2016-06-09 07:10:39', '2016-06-09 07:10:39', NULL),
(332, 'Pull', 80, 0, 1, '2016-06-09 07:10:39', '2016-06-09 07:10:39', NULL),
(333, 'Unbiased', 81, 1, 1, '2016-06-09 07:11:13', '2016-06-09 07:11:13', NULL),
(334, 'Undecided', 81, 0, 1, '2016-06-09 07:11:13', '2016-06-09 07:11:13', NULL),
(335, 'Non-aligned', 81, 0, 1, '2016-06-09 07:11:13', '2016-06-09 07:11:13', NULL),
(336, 'Indifferent', 81, 0, 1, '2016-06-09 07:11:13', '2016-06-09 07:11:13', NULL),
(337, 'Artificial', 82, 0, 1, '2016-06-09 07:11:45', '2016-06-09 07:11:45', NULL),
(338, 'Superficial', 82, 1, 1, '2016-06-09 07:11:45', '2016-06-09 07:11:45', NULL),
(339, 'Worthless', 82, 0, 1, '2016-06-09 07:11:45', '2016-06-09 07:11:45', NULL),
(340, 'Foolish', 82, 0, 1, '2016-06-09 07:11:45', '2016-06-09 07:11:45', NULL),
(341, 'Distortion', 83, 0, 1, '2016-06-09 07:12:23', '2016-06-09 07:12:23', NULL),
(342, 'Amusement', 83, 0, 1, '2016-06-09 07:12:23', '2016-06-09 07:12:23', NULL),
(343, 'Deviation', 83, 1, 1, '2016-06-09 07:12:23', '2016-06-09 07:12:23', NULL),
(344, 'Bylane', 83, 0, 1, '2016-06-09 07:12:23', '2016-06-09 07:12:23', NULL),
(345, 'Poor', 84, 0, 1, '2016-06-09 07:12:57', '2016-06-09 07:12:57', NULL),
(346, 'Bankrupt', 84, 1, 1, '2016-06-09 07:12:57', '2016-06-09 07:12:57', NULL),
(347, 'Broke', 84, 0, 1, '2016-06-09 07:12:57', '2016-06-09 07:12:57', NULL),
(348, 'Penniless', 84, 0, 1, '2016-06-09 07:12:57', '2016-06-09 07:12:57', NULL),
(349, 'Chaotic', 85, 0, 1, '2016-06-09 07:13:40', '2016-06-09 07:13:40', NULL),
(350, 'Unaccountable', 85, 1, 1, '2016-06-09 07:13:40', '2016-06-09 07:13:40', NULL),
(351, 'Confusing', 85, 0, 1, '2016-06-09 07:13:40', '2016-06-09 07:13:40', NULL),
(352, 'Unconnected', 85, 0, 1, '2016-06-09 07:13:40', '2016-06-09 07:13:40', NULL),
(353, 'Weak', 86, 1, 1, '2016-06-09 07:14:31', '2016-06-09 07:14:31', NULL),
(354, 'Vain', 86, 0, 1, '2016-06-09 07:14:31', '2016-06-09 07:14:31', NULL),
(355, 'Sick', 86, 0, 1, '2016-06-09 07:14:31', '2016-06-09 07:14:31', NULL),
(356, 'Arrogant', 86, 0, 1, '2016-06-09 07:14:31', '2016-06-09 07:14:31', NULL),
(357, 'Feeble', 87, 0, 1, '2016-06-09 07:15:07', '2016-06-09 07:15:07', NULL),
(358, 'Fleeting', 87, 1, 1, '2016-06-09 07:15:07', '2016-06-09 07:15:07', NULL),
(359, 'Transparent', 87, 0, 1, '2016-06-09 07:15:07', '2016-06-09 07:15:07', NULL),
(360, 'Fanciful', 87, 0, 1, '2016-06-09 07:15:07', '2016-06-09 07:15:07', NULL),
(361, 'Uncovered', 88, 1, 1, '2016-06-09 07:15:45', '2016-06-09 07:15:45', NULL),
(362, 'Clear', 88, 0, 1, '2016-06-09 07:15:45', '2016-06-09 07:15:45', NULL),
(363, 'Tolerate', 88, 0, 1, '2016-06-09 07:15:45', '2016-06-09 07:15:45', NULL),
(364, 'Neat', 88, 0, 1, '2016-06-09 07:15:45', '2016-06-09 07:15:45', NULL),
(365, 'Sanction', 89, 0, 1, '2016-06-09 07:16:32', '2016-06-09 07:16:32', NULL),
(366, 'Pass', 89, 0, 1, '2016-06-09 07:16:32', '2016-06-09 07:16:32', NULL),
(367, 'Perpetuate', 89, 0, 1, '2016-06-09 07:16:32', '2016-06-09 07:16:32', NULL),
(368, 'Cancel', 89, 1, 1, '2016-06-09 07:16:32', '2016-06-09 07:16:32', NULL),
(369, 'Recession', 90, 0, 1, '2016-06-09 07:17:01', '2016-06-09 07:17:01', NULL),
(370, 'Depression', 90, 0, 1, '2016-06-09 07:17:01', '2016-06-09 07:17:01', NULL),
(371, 'Indecency', 90, 1, 1, '2016-06-09 07:17:01', '2016-06-09 07:17:01', NULL),
(372, 'Bliss', 90, 0, 1, '2016-06-09 07:17:01', '2016-06-09 07:17:01', NULL),
(373, 'Illful', 91, 0, 1, '2016-06-09 07:17:38', '2016-06-09 07:17:38', NULL),
(374, 'Animated', 91, 0, 1, '2016-06-09 07:17:38', '2016-06-09 07:17:38', NULL),
(375, 'Enraptured', 91, 1, 1, '2016-06-09 07:17:38', '2016-06-09 07:17:38', NULL),
(376, 'Bewildered', 91, 0, 1, '2016-06-09 07:17:38', '2016-06-09 07:17:38', NULL),
(377, 'Punish', 92, 0, 1, '2016-06-09 07:18:14', '2016-06-09 07:18:14', NULL),
(378, 'Dismiss', 92, 0, 1, '2016-06-09 07:18:14', '2016-06-09 07:18:14', NULL),
(379, 'Curse', 92, 0, 1, '2016-06-09 07:18:14', '2016-06-09 07:18:14', NULL),
(380, 'Reprimand', 92, 1, 1, '2016-06-09 07:18:14', '2016-06-09 07:18:14', NULL),
(381, 'Progressive', 93, 0, 1, '2016-06-09 07:18:48', '2016-06-09 07:18:48', NULL),
(382, 'Brilliant', 93, 0, 1, '2016-06-09 07:18:48', '2016-06-09 07:18:48', NULL),
(383, 'Inventive', 93, 0, 1, '2016-06-09 07:18:48', '2016-06-09 07:18:48', NULL),
(384, 'Hard-working', 93, 1, 1, '2016-06-09 07:18:48', '2016-06-09 07:18:48', NULL),
(385, 'Pure', 94, 0, 1, '2016-06-09 07:19:25', '2016-06-09 07:19:25', NULL),
(386, 'Clean', 94, 0, 1, '2016-06-09 07:19:25', '2016-06-09 07:19:25', NULL),
(387, 'Pretentious', 94, 0, 1, '2016-06-09 07:19:25', '2016-06-09 07:19:25', NULL),
(388, 'Devout', 94, 1, 1, '2016-06-09 07:19:25', '2016-06-09 07:19:25', NULL),
(389, 'Deceive', 95, 0, 1, '2016-06-09 07:19:58', '2016-06-09 07:19:58', NULL),
(390, 'Strike', 95, 0, 1, '2016-06-09 07:19:58', '2016-06-09 07:19:58', NULL),
(391, 'Examine', 95, 1, 1, '2016-06-09 07:19:58', '2016-06-09 07:19:58', NULL),
(392, 'Heal', 95, 0, 1, '2016-06-09 07:19:58', '2016-06-09 07:19:58', NULL),
(393, 'Sometimes', 96, 0, 1, '2016-06-09 07:20:35', '2016-06-09 07:20:35', NULL),
(394, 'Never', 96, 0, 1, '2016-06-09 07:20:35', '2016-06-09 07:20:35', NULL),
(395, 'Rare', 96, 1, 1, '2016-06-09 07:20:35', '2016-06-09 07:20:35', NULL),
(396, 'Usual', 96, 0, 1, '2016-06-09 07:20:35', '2016-06-09 07:20:35', NULL),
(397, 'Repression', 97, 0, 1, '2016-06-09 07:21:08', '2016-06-09 07:21:08', NULL),
(398, 'Obstacle', 97, 0, 1, '2016-06-09 07:21:08', '2016-06-09 07:21:08', NULL),
(399, 'Hindrance', 97, 0, 1, '2016-06-09 07:21:08', '2016-06-09 07:21:08', NULL),
(400, 'Restriction', 97, 1, 1, '2016-06-09 07:21:08', '2016-06-09 07:21:08', NULL),
(401, 'Challenge', 98, 0, 1, '2016-06-09 07:21:46', '2016-06-09 07:21:46', NULL),
(402, 'Flatter', 98, 0, 1, '2016-06-09 07:21:46', '2016-06-09 07:21:46', NULL),
(403, 'Worship', 98, 1, 1, '2016-06-09 07:21:46', '2016-06-09 07:21:46', NULL),
(404, 'Face', 98, 0, 1, '2016-06-09 07:21:46', '2016-06-09 07:21:46', NULL),
(405, 'Steward', 99, 0, 1, '2016-06-09 07:22:22', '2016-06-09 07:22:22', NULL),
(406, 'Messenger', 99, 0, 1, '2016-06-09 07:22:22', '2016-06-09 07:22:22', NULL),
(407, 'Forerunner', 99, 1, 1, '2016-06-09 07:22:22', '2016-06-09 07:22:22', NULL),
(408, 'Pilot', 99, 0, 1, '2016-06-09 07:22:22', '2016-06-09 07:22:22', NULL),
(409, 'Place', 100, 1, 1, '2016-06-09 07:22:56', '2016-06-09 07:22:56', NULL),
(410, 'Duration', 100, 0, 1, '2016-06-09 07:22:56', '2016-06-09 07:22:56', NULL),
(411, 'Agenda', 100, 0, 1, '2016-06-09 07:22:56', '2016-06-09 07:22:56', NULL),
(412, 'Time', 100, 0, 1, '2016-06-09 07:22:56', '2016-06-09 07:22:56', NULL),
(413, 'Apparent', 101, 0, 1, '2016-06-09 07:23:35', '2016-06-09 07:23:35', NULL),
(414, 'Explicit', 101, 0, 1, '2016-06-09 07:23:35', '2016-06-09 07:23:35', NULL),
(415, 'Frank', 101, 1, 1, '2016-06-09 07:23:35', '2016-06-09 07:23:35', NULL),
(416, 'Bright', 101, 0, 1, '2016-06-09 07:23:35', '2016-06-09 07:23:35', NULL),
(417, 'To soothe', 102, 0, 1, '2016-06-09 07:24:11', '2016-06-09 07:24:11', NULL),
(418, 'Merge', 102, 1, 1, '2016-06-09 07:24:11', '2016-06-09 07:24:11', NULL),
(419, 'Glisten', 102, 0, 1, '2016-06-09 07:24:11', '2016-06-09 07:24:11', NULL),
(420, 'Purchase', 102, 0, 1, '2016-06-09 07:24:11', '2016-06-09 07:24:11', NULL),
(421, 'Madden', 103, 0, 1, '2016-06-09 07:24:54', '2016-06-09 07:24:54', NULL),
(422, 'Shoot', 103, 0, 1, '2016-06-09 07:24:54', '2016-06-09 07:24:54', NULL),
(423, 'Kill', 103, 1, 1, '2016-06-09 07:24:54', '2016-06-09 07:24:54', NULL),
(424, 'Hang', 103, 0, 1, '2016-06-09 07:24:54', '2016-06-09 07:24:54', NULL),
(425, 'Torment', 104, 1, 1, '2016-06-09 07:25:38', '2016-06-09 07:25:38', NULL),
(426, 'Harassment', 104, 0, 1, '2016-06-09 07:25:38', '2016-06-09 07:25:38', NULL),
(427, 'Chastisement', 104, 0, 1, '2016-06-09 07:25:38', '2016-06-09 07:25:38', NULL),
(428, 'Terror', 104, 0, 1, '2016-06-09 07:25:38', '2016-06-09 07:25:38', NULL),
(429, 'Cheap', 105, 0, 1, '2016-06-09 07:26:19', '2016-06-09 07:26:19', NULL),
(430, 'Ripe', 105, 0, 1, '2016-06-09 07:26:19', '2016-06-09 07:26:19', NULL),
(431, 'Plenty', 105, 1, 1, '2016-06-09 07:26:19', '2016-06-09 07:26:19', NULL),
(432, 'Absent', 105, 0, 1, '2016-06-09 07:26:19', '2016-06-09 07:26:19', NULL),
(433, 'Part', 106, 0, 1, '2016-06-09 07:26:56', '2016-06-09 07:26:56', NULL),
(434, 'Quarter', 106, 0, 1, '2016-06-09 07:26:56', '2016-06-09 07:26:56', NULL),
(435, 'Whole', 106, 1, 1, '2016-06-09 07:26:56', '2016-06-09 07:26:56', NULL),
(436, 'Half', 106, 0, 1, '2016-06-09 07:26:56', '2016-06-09 07:26:56', NULL),
(437, 'Humility', 107, 0, 1, '2016-06-09 07:27:27', '2016-06-09 07:27:27', NULL),
(438, 'Moderation', 107, 0, 1, '2016-06-09 07:27:27', '2016-06-09 07:27:27', NULL),
(439, 'Poverty', 107, 1, 1, '2016-06-09 07:27:27', '2016-06-09 07:27:27', NULL),
(440, 'Beggary', 107, 0, 1, '2016-06-09 07:27:27', '2016-06-09 07:27:27', NULL),
(441, 'Poor', 108, 1, 1, '2016-06-09 07:27:58', '2016-06-09 07:27:58', NULL),
(442, 'Foolish', 108, 0, 1, '2016-06-09 07:27:58', '2016-06-09 07:27:58', NULL),
(443, 'Insane', 108, 0, 1, '2016-06-09 07:27:58', '2016-06-09 07:27:58', NULL),
(444, 'Strained', 108, 0, 1, '2016-06-09 07:27:58', '2016-06-09 07:27:58', NULL);

-- --------------------------------------------------------

--
-- Table structure for table `categories`
--

CREATE TABLE IF NOT EXISTS `categories` (
  `id` int(11) unsigned NOT NULL AUTO_INCREMENT,
  `name` varchar(255) NOT NULL,
  `description` text,
  `parent_id` int(11) NOT NULL,
  `awnsers` varchar(20) DEFAULT '[a]',
  `level_id` int(11) NOT NULL DEFAULT '0',
  `status` tinyint(1) DEFAULT '0',
  `created_at` datetime DEFAULT NULL,
  `updated_at` datetime DEFAULT NULL,
  `deleted_at` datetime DEFAULT NULL,
  PRIMARY KEY (`id`)
) ENGINE=InnoDB  DEFAULT CHARSET=utf8 AUTO_INCREMENT=3 ;

--
-- Dumping data for table `categories`
--

INSERT INTO `categories` (`id`, `name`, `description`, `parent_id`, `awnsers`, `level_id`, `status`, `created_at`, `updated_at`, `deleted_at`) VALUES
(1, 'Synonyms', '', 0, '[a]', 0, 1, '2016-06-08 23:17:16', '2016-06-08 23:17:20', NULL),
(2, 'Antonyms', '', 0, '[a]', 0, 1, '2016-06-08 23:17:42', '2016-06-08 23:17:42', NULL);

-- --------------------------------------------------------

--
-- Table structure for table `category_question`
--

CREATE TABLE IF NOT EXISTS `category_question` (
  `id` int(11) unsigned NOT NULL AUTO_INCREMENT,
  `category_id` int(11) NOT NULL,
  `question_id` int(11) NOT NULL,
  `created_at` datetime DEFAULT NULL,
  `updated_at` datetime DEFAULT NULL,
  `deleted_at` datetime DEFAULT NULL,
  PRIMARY KEY (`id`)
) ENGINE=InnoDB DEFAULT CHARSET=utf8 AUTO_INCREMENT=1 ;

-- --------------------------------------------------------

--
-- Table structure for table `groups`
--

CREATE TABLE IF NOT EXISTS `groups` (
  `id` int(11) unsigned NOT NULL AUTO_INCREMENT,
  `name` varchar(255) NOT NULL,
  `description` text,
  `status` tinyint(1) DEFAULT '0',
  `created_at` datetime DEFAULT NULL,
  `updated_at` datetime DEFAULT NULL,
  `deleted_at` datetime DEFAULT NULL,
  PRIMARY KEY (`id`)
) ENGINE=InnoDB  DEFAULT CHARSET=utf8 AUTO_INCREMENT=4 ;

--
-- Dumping data for table `groups`
--

INSERT INTO `groups` (`id`, `name`, `description`, `status`, `created_at`, `updated_at`, `deleted_at`) VALUES
(1, 'Admin', '', 1, '2015-12-12 07:50:00', '2015-12-12 07:50:00', NULL),
(2, 'Editor', '', 1, '2015-12-12 07:50:16', '2015-12-12 07:50:16', NULL),
(3, 'User', '', 1, '2015-12-12 07:51:47', '2015-12-12 10:11:48', NULL);

-- --------------------------------------------------------

--
-- Table structure for table `pages`
--

CREATE TABLE IF NOT EXISTS `pages` (
  `id` int(11) unsigned NOT NULL AUTO_INCREMENT,
  `title` varchar(225) NOT NULL,
  `slug` varchar(255) NOT NULL,
  `description` text,
  `content` text NOT NULL,
  `status` tinyint(1) DEFAULT '0',
  `created_at` datetime DEFAULT NULL,
  `updated_at` datetime DEFAULT NULL,
  `deleted_at` datetime DEFAULT NULL,
  PRIMARY KEY (`id`)
) ENGINE=InnoDB DEFAULT CHARSET=utf8 AUTO_INCREMENT=1 ;

-- --------------------------------------------------------

--
-- Table structure for table `questions`
--

CREATE TABLE IF NOT EXISTS `questions` (
  `id` int(11) unsigned NOT NULL AUTO_INCREMENT,
  `content` text NOT NULL,
  `category_id` int(11) NOT NULL,
  `status` tinyint(1) DEFAULT '0',
  `created_at` datetime NOT NULL,
  `updated_at` datetime NOT NULL,
  `deleted_at` datetime NOT NULL,
  PRIMARY KEY (`id`)
) ENGINE=InnoDB  DEFAULT CHARSET=utf8 AUTO_INCREMENT=109 ;

--
-- Dumping data for table `questions`
--

INSERT INTO `questions` (`id`, `content`, `category_id`, `status`, `created_at`, `updated_at`, `deleted_at`) VALUES
(1, 'ENORMOUS', 2, 1, '2016-06-08 23:18:52', '2016-06-08 23:18:52', '0000-00-00 00:00:00'),
(2, 'COMMISSIONED', 2, 1, '2016-06-08 23:19:26', '2016-06-08 23:19:26', '0000-00-00 00:00:00'),
(3, 'ARTIFICIAL', 2, 1, '2016-06-08 23:20:00', '2016-06-08 23:20:00', '0000-00-00 00:00:00'),
(4, 'EXODUS', 2, 1, '2016-06-08 23:20:34', '2016-06-08 23:20:34', '0000-00-00 00:00:00'),
(5, 'RELINQUISH', 2, 1, '2016-06-08 23:21:09', '2016-06-08 23:21:09', '0000-00-00 00:00:00'),
(6, 'EXPAND', 2, 1, '2016-06-08 23:22:02', '2016-06-08 23:22:02', '0000-00-00 00:00:00'),
(7, 'MORTAL', 2, 1, '2016-06-08 23:22:44', '2016-06-08 23:22:44', '0000-00-00 00:00:00'),
(8, 'QUIESCENT', 2, 1, '2016-06-08 23:23:32', '2016-06-08 23:23:32', '0000-00-00 00:00:00'),
(9, 'OBEYING', 2, 1, '2016-06-08 23:27:09', '2016-06-08 23:27:09', '0000-00-00 00:00:00'),
(10, 'FRAUDULENT', 2, 1, '2016-06-08 23:27:53', '2016-06-08 23:27:53', '0000-00-00 00:00:00'),
(11, 'FLAGITIOUS', 2, 1, '2016-06-08 23:28:31', '2016-06-08 23:28:31', '0000-00-00 00:00:00'),
(12, 'STARTLED', 2, 1, '2016-06-08 23:29:18', '2016-06-08 23:29:18', '0000-00-00 00:00:00'),
(13, 'BUSY', 2, 1, '2016-06-08 23:30:23', '2016-06-08 23:30:23', '0000-00-00 00:00:00'),
(14, 'FRESH', 2, 1, '2016-06-08 23:31:38', '2016-06-08 23:31:38', '0000-00-00 00:00:00'),
(15, 'CULPABLE', 2, 1, '2016-06-08 23:32:12', '2016-06-08 23:32:12', '0000-00-00 00:00:00'),
(16, 'EVASIVE', 2, 1, '2016-06-08 23:32:55', '2016-06-08 23:32:55', '0000-00-00 00:00:00'),
(17, 'GREGARIOUS', 2, 1, '2016-06-08 23:34:31', '2016-06-08 23:34:31', '0000-00-00 00:00:00'),
(18, 'AWARE', 2, 1, '2016-06-08 23:36:47', '2016-06-08 23:36:47', '0000-00-00 00:00:00'),
(19, 'HIRSUTE', 2, 1, '2016-06-08 23:37:24', '2016-06-08 23:37:24', '0000-00-00 00:00:00'),
(20, 'SHRINK', 2, 1, '2016-06-08 23:38:03', '2016-06-08 23:38:03', '0000-00-00 00:00:00'),
(21, 'COMMON', 2, 1, '2016-06-08 23:38:47', '2016-06-08 23:38:47', '0000-00-00 00:00:00'),
(22, 'COMFORT', 2, 1, '2016-06-08 23:39:26', '2016-06-08 23:39:26', '0000-00-00 00:00:00'),
(23, 'DEAR', 2, 1, '2016-06-08 23:40:10', '2016-06-08 23:40:10', '0000-00-00 00:00:00'),
(24, 'ARROGANT', 2, 1, '2016-06-08 23:40:49', '2016-06-08 23:40:49', '0000-00-00 00:00:00'),
(25, 'VICTORIOUS', 2, 1, '2016-06-08 23:41:22', '2016-06-08 23:41:22', '0000-00-00 00:00:00'),
(26, 'GRACEFUL', 2, 1, '2016-06-08 23:45:37', '2016-06-08 23:45:37', '0000-00-00 00:00:00'),
(27, 'NADIR', 2, 1, '2016-06-08 23:46:20', '2016-06-08 23:46:20', '0000-00-00 00:00:00'),
(28, 'PERTINENT', 2, 1, '2016-06-08 23:47:06', '2016-06-08 23:47:06', '0000-00-00 00:00:00'),
(29, 'OBSCURE', 2, 1, '2016-06-08 23:48:43', '2016-06-08 23:48:43', '0000-00-00 00:00:00'),
(30, 'URBANE', 2, 1, '2016-06-08 23:49:27', '2016-06-08 23:49:27', '0000-00-00 00:00:00'),
(31, 'VANITY', 2, 1, '2016-06-08 23:50:11', '2016-06-08 23:50:11', '0000-00-00 00:00:00'),
(32, 'RARELY', 2, 1, '2016-06-08 23:50:53', '2016-06-08 23:50:53', '0000-00-00 00:00:00'),
(33, 'MALICIOUS', 2, 1, '2016-06-08 23:51:31', '2016-06-08 23:51:31', '0000-00-00 00:00:00'),
(34, 'EPILOGUE', 2, 1, '2016-06-08 23:52:06', '2016-06-08 23:52:06', '0000-00-00 00:00:00'),
(35, 'CAPACIOUS', 2, 1, '2016-06-08 23:52:43', '2016-06-08 23:52:43', '0000-00-00 00:00:00'),
(36, 'CONDENSE', 2, 1, '2016-06-08 23:53:15', '2016-06-08 23:53:15', '0000-00-00 00:00:00'),
(37, 'ADAPTABLE', 2, 1, '2016-06-08 23:53:46', '2016-06-08 23:53:46', '0000-00-00 00:00:00'),
(38, 'SACROSANCT', 2, 1, '2016-06-08 23:54:22', '2016-06-08 23:54:22', '0000-00-00 00:00:00'),
(39, 'INDISCREET', 2, 1, '2016-06-08 23:55:20', '2016-06-08 23:55:20', '0000-00-00 00:00:00'),
(40, 'FAMILIAR', 2, 1, '2016-06-08 23:55:54', '2016-06-08 23:55:54', '0000-00-00 00:00:00'),
(41, 'TANGIBLE', 2, 1, '2016-06-08 23:56:23', '2016-06-08 23:56:23', '0000-00-00 00:00:00'),
(42, 'LOVE', 2, 1, '2016-06-08 23:56:56', '2016-06-08 23:56:56', '0000-00-00 00:00:00'),
(43, 'FAMOUS', 2, 1, '2016-06-08 23:57:33', '2016-06-08 23:57:33', '0000-00-00 00:00:00'),
(44, 'FRUGAL', 2, 1, '2016-06-08 23:58:24', '2016-06-08 23:58:24', '0000-00-00 00:00:00'),
(45, 'INSIPID', 2, 1, '2016-06-08 23:58:58', '2016-06-08 23:58:58', '0000-00-00 00:00:00'),
(46, 'ABLE', 2, 1, '2016-06-08 23:59:41', '2016-06-08 23:59:41', '0000-00-00 00:00:00'),
(47, 'HOSTILITY', 2, 1, '2016-06-09 00:00:21', '2016-06-09 00:00:21', '0000-00-00 00:00:00'),
(48, 'CROWDED', 2, 1, '2016-06-09 00:00:56', '2016-06-09 00:00:56', '0000-00-00 00:00:00'),
(49, 'COMIC', 2, 1, '2016-06-09 00:01:31', '2016-06-09 00:01:31', '0000-00-00 00:00:00'),
(50, 'HAPLESS', 2, 1, '2016-06-09 00:02:15', '2016-06-09 00:02:15', '0000-00-00 00:00:00'),
(51, 'FLIMSY', 2, 1, '2016-06-09 00:03:13', '2016-06-09 00:03:13', '0000-00-00 00:00:00'),
(52, 'EQUANIMITY', 2, 1, '2016-06-09 00:04:04', '2016-06-09 00:04:04', '0000-00-00 00:00:00'),
(53, 'ADDITION', 2, 1, '2016-06-09 00:04:50', '2016-06-09 00:04:50', '0000-00-00 00:00:00'),
(54, 'CORPULENT', 1, 1, '2016-06-09 06:50:45', '2016-06-09 06:50:45', '0000-00-00 00:00:00'),
(55, 'BRIEF', 1, 1, '2016-06-09 06:52:58', '2016-06-09 06:52:58', '0000-00-00 00:00:00'),
(56, 'VENT', 1, 1, '2016-06-09 06:53:44', '2016-06-09 06:53:44', '0000-00-00 00:00:00'),
(57, 'AUGUST', 1, 1, '2016-06-09 06:54:18', '2016-06-09 06:54:18', '0000-00-00 00:00:00'),
(58, 'CANNY', 1, 1, '2016-06-09 06:55:00', '2016-06-09 06:55:00', '0000-00-00 00:00:00'),
(59, 'ALERT', 1, 1, '2016-06-09 06:55:42', '2016-06-09 06:55:42', '0000-00-00 00:00:00'),
(60, 'WARRIOR', 1, 1, '2016-06-09 06:56:28', '2016-06-09 06:56:28', '0000-00-00 00:00:00'),
(61, 'DISTANT', 1, 1, '2016-06-09 06:57:02', '2016-06-09 06:57:02', '0000-00-00 00:00:00'),
(62, 'ADVERSITY', 1, 1, '2016-06-09 06:58:30', '2016-06-09 06:58:30', '0000-00-00 00:00:00'),
(63, 'FAKE', 1, 1, '2016-06-09 06:59:10', '2016-06-09 06:59:10', '0000-00-00 00:00:00'),
(64, 'INDICT', 1, 1, '2016-06-09 06:59:51', '2016-06-09 06:59:51', '0000-00-00 00:00:00'),
(65, 'STRINGENT', 1, 1, '2016-06-09 07:00:31', '2016-06-09 07:00:31', '0000-00-00 00:00:00'),
(66, 'LAMENT', 1, 1, '2016-06-09 07:01:05', '2016-06-09 07:01:05', '0000-00-00 00:00:00'),
(67, 'HESITATED', 1, 1, '2016-06-09 07:02:00', '2016-06-09 07:02:00', '0000-00-00 00:00:00'),
(68, 'RESCUE', 1, 1, '2016-06-09 07:02:43', '2016-06-09 07:02:43', '0000-00-00 00:00:00'),
(69, 'ATTEMPT', 1, 1, '2016-06-09 07:03:15', '2016-06-09 07:03:15', '0000-00-00 00:00:00'),
(70, 'FORAY', 1, 1, '2016-06-09 07:03:54', '2016-06-09 07:03:54', '0000-00-00 00:00:00'),
(71, 'RECKLESS', 1, 1, '2016-06-09 07:04:28', '2016-06-09 07:04:28', '0000-00-00 00:00:00'),
(72, 'CONSEQUENCES', 1, 1, '2016-06-09 07:05:04', '2016-06-09 07:05:04', '0000-00-00 00:00:00'),
(73, 'IMPROVEMENT', 1, 1, '2016-06-09 07:05:41', '2016-06-09 07:05:41', '0000-00-00 00:00:00'),
(74, 'INEBRIATE', 1, 1, '2016-06-09 07:06:17', '2016-06-09 07:06:17', '0000-00-00 00:00:00'),
(75, 'STERILE', 1, 1, '2016-06-09 07:07:13', '2016-06-09 07:07:13', '0000-00-00 00:00:00'),
(76, 'ABJECT', 1, 1, '2016-06-09 07:08:15', '2016-06-09 07:08:15', '0000-00-00 00:00:00'),
(77, 'MOVING', 1, 1, '2016-06-09 07:08:49', '2016-06-09 07:08:49', '0000-00-00 00:00:00'),
(78, 'IRONIC', 1, 1, '2016-06-09 07:09:29', '2016-06-09 07:09:29', '0000-00-00 00:00:00'),
(79, 'TIMID', 1, 1, '2016-06-09 07:10:01', '2016-06-09 07:10:01', '0000-00-00 00:00:00'),
(80, 'EXTRICATE', 1, 1, '2016-06-09 07:10:39', '2016-06-09 07:10:39', '0000-00-00 00:00:00'),
(81, 'NEUTRAL', 1, 1, '2016-06-09 07:11:13', '2016-06-09 07:11:13', '0000-00-00 00:00:00'),
(82, 'SHALLOW', 1, 1, '2016-06-09 07:11:45', '2016-06-09 07:11:45', '0000-00-00 00:00:00'),
(83, 'DIVERSION', 1, 1, '2016-06-09 07:12:23', '2016-06-09 07:12:23', '0000-00-00 00:00:00'),
(84, 'INSOLVENT', 1, 1, '2016-06-09 07:12:57', '2016-06-09 07:12:57', '0000-00-00 00:00:00'),
(85, 'INEXPLICABLE', 1, 1, '2016-06-09 07:13:40', '2016-06-09 07:13:40', '0000-00-00 00:00:00'),
(86, 'FEEBLE', 1, 1, '2016-06-09 07:14:31', '2016-06-09 07:14:31', '0000-00-00 00:00:00'),
(87, 'TRANSIENT', 1, 1, '2016-06-09 07:15:07', '2016-06-09 07:15:07', '0000-00-00 00:00:00'),
(88, 'BARE', 1, 1, '2016-06-09 07:15:45', '2016-06-09 07:15:45', '0000-00-00 00:00:00'),
(89, 'REPEAL', 1, 1, '2016-06-09 07:16:32', '2016-06-09 07:16:32', '0000-00-00 00:00:00'),
(90, 'SALACITY', 1, 1, '2016-06-09 07:17:01', '2016-06-09 07:17:01', '0000-00-00 00:00:00'),
(91, 'ECSTATIC', 1, 1, '2016-06-09 07:17:38', '2016-06-09 07:17:38', '0000-00-00 00:00:00'),
(92, 'ADMONISH', 1, 1, '2016-06-09 07:18:14', '2016-06-09 07:18:14', '0000-00-00 00:00:00'),
(93, 'DILIGENT', 1, 1, '2016-06-09 07:18:48', '2016-06-09 07:18:48', '0000-00-00 00:00:00'),
(94, 'PIOUS', 1, 1, '2016-06-09 07:19:25', '2016-06-09 07:19:25', '0000-00-00 00:00:00'),
(95, 'BROWSE', 1, 1, '2016-06-09 07:19:58', '2016-06-09 07:19:58', '0000-00-00 00:00:00'),
(96, 'INFREQUENT', 1, 1, '2016-06-09 07:20:35', '2016-06-09 07:20:35', '0000-00-00 00:00:00'),
(97, 'RESTRAINT', 1, 1, '2016-06-09 07:21:08', '2016-06-09 07:21:08', '0000-00-00 00:00:00'),
(98, 'DEIFY', 1, 1, '2016-06-09 07:21:46', '2016-06-09 07:21:46', '0000-00-00 00:00:00'),
(99, 'HARBINGER', 1, 1, '2016-06-09 07:22:22', '2016-06-09 07:22:22', '0000-00-00 00:00:00'),
(100, 'VENUE', 1, 1, '2016-06-09 07:22:56', '2016-06-09 07:22:56', '0000-00-00 00:00:00'),
(101, 'CANDID', 1, 1, '2016-06-09 07:23:35', '2016-06-09 07:23:35', '0000-00-00 00:00:00'),
(102, 'MELD', 1, 1, '2016-06-09 07:24:11', '2016-06-09 07:24:11', '0000-00-00 00:00:00'),
(103, 'LYNCH', 1, 1, '2016-06-09 07:24:54', '2016-06-09 07:24:54', '0000-00-00 00:00:00'),
(104, 'TORTURE', 1, 1, '2016-06-09 07:25:38', '2016-06-09 07:25:38', '0000-00-00 00:00:00'),
(105, 'ABUNDANT', 1, 1, '2016-06-09 07:26:19', '2016-06-09 07:26:19', '0000-00-00 00:00:00'),
(106, 'ENTIRE', 1, 1, '2016-06-09 07:26:56', '2016-06-09 07:26:56', '0000-00-00 00:00:00'),
(107, 'DESTITUTION', 1, 1, '2016-06-09 07:27:27', '2016-06-09 07:27:27', '0000-00-00 00:00:00'),
(108, 'WRETCHED', 1, 1, '2016-06-09 07:27:58', '2016-06-09 07:27:58', '0000-00-00 00:00:00');

-- --------------------------------------------------------

--
-- Table structure for table `results`
--

CREATE TABLE IF NOT EXISTS `results` (
  `id` int(11) unsigned NOT NULL AUTO_INCREMENT,
  `user_id` int(11) NOT NULL,
  `level_id` int(1) DEFAULT '0',
  `category_id` int(11) NOT NULL,
  `questions` varchar(255) DEFAULT NULL,
  `correct_awnsers` varchar(255) DEFAULT NULL,
  `awnsers` varchar(255) DEFAULT NULL,
  `correct_number` int(11) DEFAULT '0',
  `number` int(11) DEFAULT '0',
  `created_at` datetime DEFAULT NULL,
  `updated_at` datetime DEFAULT NULL,
  `deleted_at` datetime DEFAULT NULL,
  PRIMARY KEY (`id`)
) ENGINE=InnoDB  DEFAULT CHARSET=utf8 AUTO_INCREMENT=11 ;

--
-- Dumping data for table `results`
--

INSERT INTO `results` (`id`, `user_id`, `level_id`, `category_id`, `questions`, `correct_awnsers`, `awnsers`, `correct_number`, `number`, `created_at`, `updated_at`, `deleted_at`) VALUES
(1, 1, 0, 2, '1,2,3,4,5,6,7,8,9,10,11,12,13,14,15,16,17,18,19,20,21,22,23,24,25,26,27,28,29,30,31,32,33,34,35,36,37,38,39,40,41,42,43,44,45,46,47,48,49,50', '3,2,2,1,3,2,2,1,1,4,2,4,2,4,2,2,1,2,2,3,1,3,4,1,1,4,2,4,3,3,2,3,1,2,1,1,4,4,3,4,1,2,2,2,1,3,4,4,2,3', '9,9,9,9,9,9,9,9,9,9,9,9,9,9,9,9,9,9,9,9,9,9,9,9,9,9,9,9,9,9,9,9,9,9,9,9,9,9,9,9,9,9,9,9,9,9,9,9,9,9', 0, 50, '2016-06-09 00:05:16', '2016-06-09 00:05:16', NULL),
(2, 1, 0, 1, '54,55,56,57,58,59,60,61,62,63,64,65,66,67,68,69,70,71,72,73,74,75,76,77,78,79,80,81,82,83,84,85,86,87,88,89,90,91,92,93,94,95,96,97,98,99,100,101,102,103', '4,4,1,3,3,4,1,2,3,2,3,3,1,2,2,3,1,2,1,2,4,1,2,3,4,4,2,1,2,3,2,2,1,2,1,4,3,3,4,4,4,3,3,4,3,3,1,3,2,3', '9,9,9,9,9,9,9,9,9,9,9,9,9,9,9,9,9,9,9,9,9,9,9,9,9,9,9,9,9,9,9,9,9,9,9,9,9,9,9,9,9,9,9,9,9,9,9,9,9,9', 0, 50, '2016-06-09 07:28:56', '2016-06-09 07:28:56', NULL),
(3, 1, 0, 1, '54,55,56,57,58,59,60,61,62,63,64,65,66,67,68,69,70,71,72,73,74,75,76,77,78,79,80,81,82,83,84,85,86,87,88,89,90,91,92,93,94,95,96,97,98,99,100,101,102,103', '4,4,1,3,3,4,1,2,3,2,3,3,1,2,2,3,1,2,1,2,4,1,2,3,4,4,2,1,2,3,2,2,1,2,1,4,3,3,4,4,4,3,3,4,3,3,1,3,2,3', '1,3,9,1,9,3,9,3,3,3,1,2,2,3,4,1,2,2,1,3,1,4,9,1,4,1,3,1,4,2,2,4,1,1,3,1,4,1,2,2,1,4,3,3,1,1,1,1,2,3', 11, 50, '2016-06-09 07:44:30', '2016-06-09 07:44:30', NULL),
(4, 1, 0, 2, '1,2,3,4,5,6,7,8,9,10,11,12,13,14,15,16,17,18,19,20,21,22,23,24,25,26,27,28,29,30,31,32,33,34,35,36,37,38,39,40,41,42,43,44,45,46,47,48,49,50', '3,2,2,1,3,2,2,1,1,4,2,4,2,4,2,2,1,2,2,3,1,3,4,1,1,4,2,4,3,3,2,3,1,2,1,1,4,4,3,4,1,2,2,2,1,3,4,4,2,3', '9,9,9,9,9,9,9,9,9,9,9,9,9,9,9,9,9,9,9,9,9,9,9,9,9,9,9,9,9,9,9,9,9,9,9,9,9,9,9,9,9,9,9,9,9,9,9,9,9,9', 0, 50, '2016-06-09 10:26:17', '2016-06-09 10:26:17', NULL),
(5, 1, 0, 1, '54,55,56,57,58,59,60,61,62,63,64,65,66,67,68,69,70,71,72,73,74,75,76,77,78,79,80,81,82,83,84,85,86,87,88,89,90,91,92,93,94,95,96,97,98,99,100,101,102,103', '4,4,1,3,3,4,1,2,3,2,3,3,1,2,2,3,1,2,1,2,4,1,2,3,4,4,2,1,2,3,2,2,1,2,1,4,3,3,4,4,4,3,3,4,3,3,1,3,2,3', '1,1,1,1,1,2,1,1,1,1,9,9,9,9,9,9,9,9,9,9,9,9,9,9,9,9,9,9,9,9,9,9,9,9,9,9,9,9,9,9,9,9,9,9,9,9,9,9,9,9', 2, 50, '2016-06-09 11:02:24', '2016-06-09 11:02:24', NULL),
(6, 1, 0, 1, '54,55,56,57,58,59,60,61,62,63,64,65,66,67,68,69,70,71,72,73,74,75,76,77,78,79,80,81,82,83,84,85,86,87,88,89,90,91,92,93,94,95,96,97,98,99,100,101,102,103', '4,4,1,3,3,4,1,2,3,2,3,3,1,2,2,3,1,2,1,2,4,1,2,3,4,4,2,1,2,3,2,2,1,2,1,4,3,3,4,4,4,3,3,4,3,3,1,3,2,3', '1,9,9,9,9,9,9,9,9,9,9,9,9,9,9,9,9,9,9,9,9,9,9,9,9,9,9,9,9,9,9,9,9,9,9,9,9,9,9,9,9,9,9,9,9,9,9,9,9,9', 0, 50, '2016-06-09 11:04:59', '2016-06-09 11:04:59', NULL),
(7, 1, 0, 1, '54,55,56,57,58,59,60,61,62,63,64,65,66,67,68,69,70,71,72,73,74,75,76,77,78,79,80,81,82,83,84,85,86,87,88,89,90,91,92,93,94,95,96,97,98,99,100,101,102,103', '4,4,1,3,3,4,1,2,3,2,3,3,1,2,2,3,1,2,1,2,4,1,2,3,4,4,2,1,2,3,2,2,1,2,1,4,3,3,4,4,4,3,3,4,3,3,1,3,2,3', '9,9,9,9,9,9,9,9,9,9,9,9,9,9,9,9,9,9,9,9,9,9,9,9,9,9,9,9,9,9,9,9,9,9,9,9,9,9,9,9,9,9,9,9,9,9,9,9,9,9', 0, 50, '2016-06-09 11:05:06', '2016-06-09 11:05:06', NULL),
(8, 1, 0, 1, '54,55,56,57,58,59,60,61,62,63,64,65,66,67,68,69,70,71,72,73,74,75,76,77,78,79,80,81,82,83,84,85,86,87,88,89,90,91,92,93,94,95,96,97,98,99,100,101,102,103', '4,4,1,3,3,4,1,2,3,2,3,3,1,2,2,3,1,2,1,2,4,1,2,3,4,4,2,1,2,3,2,2,1,2,1,4,3,3,4,4,4,3,3,4,3,3,1,3,2,3', '1,9,9,9,9,9,9,9,2,9,3,9,9,9,9,9,9,9,9,9,9,9,9,9,9,9,9,9,9,9,9,9,9,9,9,9,9,9,9,9,9,9,9,9,9,9,9,9,9,9', 1, 50, '2016-06-09 11:05:47', '2016-06-09 11:05:47', NULL),
(9, 1, 0, 1, '54,55,56,57,58,59,60,61,62,63,64,65,66,67,68,69,70,71,72,73,74,75,76,77,78,79,80,81,82,83,84,85,86,87,88,89,90,91,92,93,94,95,96,97,98,99,100,101,102,103', '4,4,1,3,3,4,1,2,3,2,3,3,1,2,2,3,1,2,1,2,4,1,2,3,4,4,2,1,2,3,2,2,1,2,1,4,3,3,4,4,4,3,3,4,3,3,1,3,2,3', '9,9,9,9,9,9,9,9,9,9,9,9,9,9,9,9,9,9,9,9,9,9,9,9,9,9,9,9,9,9,9,9,9,9,9,9,9,9,9,9,9,9,9,9,9,9,9,9,9,9', 0, 50, '2016-06-09 11:07:54', '2016-06-09 11:07:54', NULL),
(10, 1, 0, 1, '54,55,56,57,58,59,60,61,62,63,64,65,66,67,68,69,70,71,72,73,74,75,76,77,78,79,80,81,82,83,84,85,86,87,88,89,90,91,92,93,94,95,96,97,98,99,100,101,102,103', '4,4,1,3,3,4,1,2,3,2,3,3,1,2,2,3,1,2,1,2,4,1,2,3,4,4,2,1,2,3,2,2,1,2,1,4,3,3,4,4,4,3,3,4,3,3,1,3,2,3', '1,1,1,4,1,2,1,2,3,1,1,2,3,1,1,2,3,4,2,1,2,3,4,3,4,3,4,1,2,1,2,1,1,1,1,2,2,3,3,3,1,1,1,1,1,1,1,1,1,2', 13, 50, '2016-06-09 11:07:57', '2016-06-09 11:07:57', NULL);

-- --------------------------------------------------------

--
-- Table structure for table `users`
--

CREATE TABLE IF NOT EXISTS `users` (
  `id` int(11) unsigned NOT NULL AUTO_INCREMENT,
  `username` varchar(255) NOT NULL,
  `email` varchar(100) NOT NULL,
  `password` varchar(100) NOT NULL,
  `facebook_id` varchar(100) DEFAULT NULL,
  `twitter_id` varchar(100) DEFAULT NULL,
  `avatar` varchar(255) DEFAULT NULL,
  `active_key` varchar(255) DEFAULT NULL,
  `group_id` int(11) NOT NULL,
  `created_at` datetime DEFAULT NULL,
  `updated_at` datetime DEFAULT NULL,
  `deleted_at` datetime DEFAULT NULL,
  `remember_token` varchar(100) DEFAULT NULL,
  PRIMARY KEY (`id`)
) ENGINE=InnoDB  DEFAULT CHARSET=utf8 AUTO_INCREMENT=20 ;

--
-- Dumping data for table `users`
--

INSERT INTO `users` (`id`, `username`, `email`, `password`, `facebook_id`, `twitter_id`, `avatar`, `active_key`, `group_id`, `created_at`, `updated_at`, `deleted_at`, `remember_token`) VALUES
(1, 'admin', 'ndhungvu@gmail.com', '$2y$10$tZb9417UeX9JkAwb8Ei7vuYOu2RjIiLeE.fJQwRVlFL4k.lH2UYKS', '874462729334684', NULL, 'uploads/avatars/3223c037fc4553c9f801905a0082150f.jpeg', '$2y$10$wLQFbSnliWN571vL4kmlcOzn7QQPRDE2OCmlBBhvnpim/a3wo9Sny', 1, '2015-12-12 07:54:29', '2016-04-04 10:28:13', NULL, 'pIZmsRxzzIXeGC9hkZJ6e2RyMGlxumqCNEBsSKisH5At0CC1dDZkMVIPwkUq');

/*!40101 SET CHARACTER_SET_CLIENT=@OLD_CHARACTER_SET_CLIENT */;
/*!40101 SET CHARACTER_SET_RESULTS=@OLD_CHARACTER_SET_RESULTS */;
/*!40101 SET COLLATION_CONNECTION=@OLD_COLLATION_CONNECTION */;
